FileName,TileID,Layer
MART_1_01,10101,1
MART_2_01,10201,1
MART_2_02,10202,1
MART_2_03,10203,1
MART_2_04,10204,1
MART_2_05,10205,1
MART_3_01,10301,1
MART_4_01,10401,1
MART_4_02,10402,1
MART_4_03,10403,1
MART_4_04,10404,1
MART_4_05,10405,1
MART_4_06,10406,1
MART_5_01,10501,1
MART_5_02,10502,1
MART_5_03,10503,1
MART_5_04,10504,1
MART_5_05,10505,1
MART_5_06,10506,1
MART_5_07,10507,1
MART_5_08,10508,1
MART_5_09,10509,1
MART_6_01,10601,1
MART_6_02,10602,1
MART_6_03,10603,1
MART_6_04,10604,1
MART_6_05,10605,1
MART_6_06,10606,1
MART_7_01,10701,1
MART_7_02,10702,1
MART_7_03,10703,1
MART_7_04,10704,1
MART_8_01,10801,1
MART_8_02,10802,1
MART_8_03,10803,1
MART_8_04,10804,1
MART_8_05,10805,1
MART_9_01,10901,1
MART_9_02,10902,1
MART_9_03,10903,1
MART_9_04,10904,1
MART_0_01,10001,0
MART_0_02,10002,0